condition,gap HB (dB),spread,PIT low,PIT high,CRPS,CRPS fair,sliced,corr err
FLowHigh,0.00,0.000,0.487,0.513,0.756,0.756,0.784,0.478
"FLowHigh, prior restored",0.08,0.023,0.408,0.460,0.692,0.682,0.705,0.500
NU-Wave 2,0.57,0.094,0.132,0.217,0.638,0.583,0.614,0.863
AudioSR (speech),2.62,0.765,0.110,0.520,1.287,1.243,1.204,0.782
es_marg,2.21,0.526,0.098,0.241,0.591,0.537,0.576,0.374
es_dec,2.13,0.499,0.098,0.237,0.589,0.535,0.572,0.383
es_erb,2.03,0.442,0.111,0.211,0.564,0.512,0.555,0.289
"es_erb, lambda=0.1",2.07,0.479,0.108,0.213,0.569,0.515,0.559,0.415
"es_erb, lambda=0.001",1.16,0.225,0.097,0.421,0.726,0.683,0.677,0.476
"es_dec_erb, lambda=0.1",2.07,0.464,0.107,0.212,0.567,0.514,0.560,0.438
