condition,deficit,deficit bb,loud,mid,quiet,LSD,LSD-HF,LSD-LF
FLowHigh,-1.60,-2.33,-1.71,-1.34,-1.03,0.761,0.869,0.212
"FLowHigh, prior restored",-2.38,-3.09,-2.45,-2.05,-1.28,0.761,0.869,0.211
AP-BWE,-1.38,-1.23,-1.74,-0.90,0.18,0.780,0.894,0.179
"AP-BWE, own sinc input",-1.51,-1.41,-1.84,-1.16,-0.16,0.781,0.893,0.212
NU-Wave 2,-7.96,-8.93,-8.96,-5.17,4.72,0.989,1.117,0.351
AudioSR (speech),-0.60,2.17,-1.03,0.28,-5.20,1.561,1.778,0.470
det_paper,-21.78,-15.66,-20.89,-23.50,-21.30,2.319,2.674,0.210
det,-6.18,-7.38,-6.74,-3.87,-2.26,0.864,0.987,0.237
es_marg,-1.05,-1.34,-1.90,1.53,-2.20,0.929,1.036,0.432
es_dec,-1.12,-1.45,-2.26,1.87,-1.74,0.919,1.032,0.399
es_erb,-1.08,-1.64,-1.86,1.60,-1.17,0.902,1.012,0.398
"es_erb, lambda=0.1",-0.63,-1.31,-1.63,1.98,-1.20,0.894,1.012,0.326
"es_erb, lambda=0.001",-5.73,-4.07,-6.25,-3.41,-3.83,1.025,1.109,0.668
"es_dec_erb, lambda=0.1",-0.70,-1.44,-1.53,1.87,-1.58,0.895,1.012,0.336
