condition,ViSQOL audio,NSIM audio,ViSQOL speech,PESQ wb
FLowHigh,3.61,0.901,4.25,4.46
"FLowHigh, prior restored",3.62,0.902,4.25,4.47
AP-BWE,3.48,0.881,4.05,4.36
"AP-BWE, own sinc input",3.49,0.885,4.12,4.36
NU-Wave 2,2.57,0.771,3.07,3.95
AudioSR (speech),2.41,0.780,3.73,3.89
det_paper,1.85,0.745,3.94,4.45
det,3.13,0.853,4.12,4.35
es_marg,2.77,0.812,3.81,4.05
es_dec,2.79,0.817,3.90,4.07
es_erb,2.82,0.821,3.96,4.09
"es_erb, lambda=0.1",2.86,0.828,4.02,4.04
"es_erb, lambda=0.001",2.63,0.771,3.20,3.73
"es_dec_erb, lambda=0.1",2.83,0.823,4.01,4.12
