condition,SNR (dB),vs ceiling,coherent frac.,kappa
FLowHigh,19.35,-3.23,0.0071,0.008
"FLowHigh, prior restored",19.63,-2.95,0.0060,0.008
AP-BWE,19.29,-3.29,0.0231,0.028
"AP-BWE, own sinc input",19.39,-3.19,0.0308,0.037
NU-Wave 2,21.76,-0.81,0.0106,0.062
AudioSR (speech),14.73,-7.85,0.0042,0.001
det_paper,22.37,-0.20,0.0117,0.182
det,21.63,-0.94,0.0137,0.065
es_marg,19.17,-3.40,0.0107,0.014
es_dec,19.33,-3.25,0.0123,0.015
es_erb,19.43,-3.14,0.0110,0.017
"es_erb, lambda=0.1",19.57,-3.00,0.0146,0.025
"es_erb, lambda=0.001",19.12,-3.45,0.0129,0.022
"es_dec_erb, lambda=0.1",19.57,-3.00,0.0145,0.025
